name,lastname,email,password
Gay,Zorzetti,gzorzetti0@tmall.com,uS9>s|<pxg9T
Ardine,Goodall,agoodall1@biblegateway.com,aG6Mcow=&sT
Robinet,Georgius,rgeorgius2@sfgate.com,gK4hUv_%bacte
Vite,Haxell,vhaxell3@bluehost.com,xH4767()XZ0u
Mollee,Sybbe,msybbe4@phpbb.com,nY9c2q5?wK%4
Grete,Risdale,grisdale5@wisc.edu,"eA6pC5j)w""CdG5ox"
Aubrie,Somerled,asomerled6@phoca.cz,zS5{QCU{O
Frederik,Ivashintsov,fivashintsov7@ihg.com,"qN1""AA1cT7uQZ"
Daniel,McIleen,dmcileen8@boston.com,mZ0Up)hhZ*J
Randie,Benneton,rbenneton9@samsung.com,"sP0ug2,rN""vRZiW"
Trudy,Scini,tscinia@edublogs.org,iB794szTExGNq~!y
Orly,Care,ocareb@nbcnews.com,"dN8,gmbU$"
Jacinthe,Lorrie,jlorriec@imdb.com,"jH3`U(2"")\X"
Constantina,Gorke,cgorked@accuweather.com,rY1|=AGlfQ`G6\u
Ami,Pocock,apococke@independent.co.uk,sQ6$MTxPkKZE
Antonin,Novill,anovillf@t-online.de,nN9`zw/_JhJVt=7
Giustino,Benedito,gbeneditog@buzzfeed.com,jG6Bd~C+<
Axe,Avrahamof,aavrahamofh@aboutads.info,tT4)>Sfd
Laurene,Dorow,ldorowi@arizona.edu,tV4G9Lc7&_
Dolorita,Bosman,dbosmanj@cnn.com,zZ3)XXz<
Igor,Alyoshin,ialyoshink@ihg.com,"pZ8*d!).9@&,ZC"
Milicent,Pizey,mpizeyl@soundcloud.com,"lY7U%iZv~mH,)"
Nicolette,Largent,nlargentm@tripod.com,fH4Q(X_%Y'+
Hobey,Houlaghan,hhoulaghann@yahoo.com,qE0Fj8n>mQ#
Jerad,Geeraert,jgeeraerto@google.com.au,kP7AE>O6)D
Robbie,Ulster,rulsterp@wisc.edu,oT0)ROs_I+bN|LX
Alison,Kearns,akearnsq@histats.com,bB1A2GKtA%TBt'
Olympie,Kobsch,okobschr@blog.com,pT9*92<#ikY
Jeromy,August,jaugusts@sohu.com,pP1p|js1rw03Rpv
Martie,Pickton,mpicktont@free.fr,dU2Km7MB3uOxqFU7
Noelyn,Withinshaw,nwithinshawu@qq.com,iA0/bw<5DMPCH
Modestia,Harkus,mharkusv@disqus.com,rN3\Th~!S
Allister,Nisot,anisotw@infoseek.co.jp,tZ9svpxNG?%0
Briana,Whipple,bwhipplex@eventbrite.com,vN1ytTe+(A
Markus,Orfeur,morfeury@e-recht24.de,"pH1}Lf)cBn\BWCK"""
Stefanie,Willes,swillesz@nytimes.com,nP4l_{GN
Cynthia,Christofor,cchristofor10@miibeian.gov.cn,cJ0'W.&6
Florencia,Kalberer,fkalberer11@ocn.ne.jp,"nL8c|Q,yh}*"
Valina,Tripet,vtripet12@shareasale.com,nH3dlHH@y=jer
Egon,Taffrey,etaffrey13@hhs.gov,kF7i>JKpcG
Nolan,Dairton,ndairton14@merriam-webster.com,uL1ocx8y1
Dorisa,Stothert,dstothert15@vistaprint.com,jD8t!PE@5=a
Rene,Heeney,rheeney16@mashable.com,dU1&ps5=bcco/
Cecelia,Dufall,cdufall17@time.com,bG1PiU*Zs
Tessy,Slogrove,tslogrove18@yellowpages.com,"qM8d""K<RiUI6L*8"
Gerry,Moncaster,gmoncaster19@va.gov,mY4jrZW>M>8i|V
Teodor,St Quenin,tstquenin1a@businesswire.com,sW4`XH9Uu@IA)rN
Maire,Swarbrick,mswarbrick1b@naver.com,"gZ7W5""{Hkx"
Burty,Bellanger,bbellanger1c@sourceforge.net,uQ0fw+=)?F>
Benedikta,Todari,btodari1d@vinaora.com,zD4Lgs+8G<Y@
Trudie,Hayden,thayden1e@google.com.br,sK4Y=ppdz3
Michele,Hartop,mhartop1f@nationalgeographic.com,"cA5O,=t%L"
Shandee,Wallworke,swallworke1g@ow.ly,lT22ky4UB$7$
Shirline,Vynoll,svynoll1h@netlog.com,nI9!\Jyz'8OyQh\
Kari,Verbrugge,kverbrugge1i@squarespace.com,"dH0bvBL+u{r(V,j"""
Robena,Romney,rromney1j@newsvine.com,"oD3|""uWT~6q~&79"
Kimmie,Breawood,kbreawood1k@ow.ly,vJ8h{N#!UecN11
Ardra,Tams,atams1l@engadget.com,hJ9nx0S6@ZM3x
Kory,Gravatt,kgravatt1m@blog.com,"nC3<,u}YI8enL"
Errol,Basini-Gazzi,ebasinigazzi1n@hp.com,wA3+>pa!UPNXV>PR
Aaren,Mainson,amainson1o@elegantthemes.com,bV5z=lp#R
Addi,Vogelein,avogelein1p@clickbank.net,dV3SaRa$lD~J
Zachery,Wort,zwort1q@naver.com,aN9|rsDaA_C!a
Vivi,Kingzet,vkingzet1r@friendfeed.com,bW2MO)sf>9W
Yoko,Arrandale,yarrandale1s@apache.org,cK23%<6q
Carlie,Stoffels,cstoffels1t@jimdo.com,bI7NoSC?x=3Mb
Abbe,Nason,anason1u@sfgate.com,xZ1!@tgN8
Constancia,Pohling,cpohling1v@hao123.com,dB2kGE%u
Lindon,Stansall,lstansall1w@accuweather.com,vW2#W!OQzW7'>$
Beverly,Delort,bdelort1x@opera.com,iT3bJHyb
Janey,Gonoude,jgonoude1y@google.nl,"rW6k}!%n""x"
Neall,Golding,ngolding1z@cdbaby.com,sQ5Za6`?_z0B*
Corbet,Butting,cbutting20@apache.org,yM20M1f@K#R2t
Libbi,Angell,langell21@cisco.com,xM9.$\M<\MmpQ
Carmina,Liptrot,cliptrot22@ucoz.com,cU3yuQ82`58q1FsM
Olivero,Devall,odevall23@redcross.org,kI1_BA2U_1&%QF
Nicky,Juden,njuden24@cbsnews.com,fT3t>@J6
Jesse,Gutierrez,jgutierrez25@indiegogo.com,"wX9LA1)""_LV(')F"
Jud,Mabley,jmabley26@un.org,iD6i'%o*U
Ericha,Ballister,eballister27@hostgator.com,nD9aw{Jumjo=
Misty,Kaman,mkaman28@wikipedia.org,"zM8qX%\a'3,2.NbT"
Clement,Hulbert,chulbert29@gizmodo.com,gX4Z@H}W#(H
Moise,Turbern,mturbern2a@unc.edu,lV6LxC'qg{5kbC
Almeria,Bassam,abassam2b@vimeo.com,iS8O**x1bHtE7E
Danni,Wreakes,dwreakes2c@virginia.edu,nT4>fSQ`6gVW3)H
Sharyl,Reditt,sreditt2d@independent.co.uk,"kL4F""?%&niekhAhV"
Merci,Letterese,mletterese2e@shutterfly.com,eE0+Q_'CI1DC#<dW
Joy,Vaszoly,jvaszoly2f@soundcloud.com,wW4e2FQ2>QArZBA
Trever,Rizzi,trizzi2g@slideshare.net,"pN4eel(\""zO2"
Parker,Isakov,pisakov2h@noaa.gov,"kM5dx7Xi)\=,WBK"
Christos,Champken,cchampken2i@vimeo.com,jP2y\qP(pUNxbxj
Heather,Lumsdale,hlumsdale2j@guardian.co.uk,"jX9d)smLOSF,/("
Maxie,Tesyro,mtesyro2k@prnewswire.com,xS7p1?56v
D'arcy,Grimsditch,dgrimsditch2l@princeton.edu,nT6C~_snnaIj=s
Theresina,Osboldstone,tosboldstone2m@merriam-webster.com,zE9Z4!q.Qi}%
Ertha,Manketell,emanketell2n@weebly.com,nI1J+MuC2b
Gilli,Souttar,gsouttar2o@newyorker.com,qA7ts&$gW
Oralia,Trittam,otrittam2p@bbb.org,zG0+Wd8)T*f'
Gael,Temperton,gtemperton2q@printfriendly.com,zM2jaoVYUj
Katinka,Charlewood,kcharlewood2r@miitbeian.gov.cn,hX96biT3bh
Fiorenze,Poutress,fpoutress2s@plala.or.jp,pD5/xh1)
Kandy,Bearsmore,kbearsmore2t@mediafire.com,hZ0O}'0Au2Y
Ethyl,Regorz,eregorz2u@auda.org.au,rZ43OJhNr5Is0Dz
Ichabod,Nast,inast2v@google.com.au,aW8{kZim?G5$A
Kristopher,Chilley,kchilley2w@mysql.com,iK3L>4)Ul<Q<4
Chet,McPherson,cmcpherson2x@istockphoto.com,mZ2Ap&O9o>w!v
Raynard,Dowson,rdowson2y@jigsy.com,sU0Ldh%*h!vg
Dela,Anstie,danstie2z@drupal.org,vB4&%LcW
Imogene,Gavrielly,igavrielly30@mail.ru,iM5\nHJJ%?a?1
Carol-jean,Cromack,ccromack31@tuttocitta.it,pF14tv>HK{qRjA`
Ulberto,Pittman,upittman32@gnu.org,bJ9s``J3UDDw#1#&
Donaugh,Baldelli,dbaldelli33@unicef.org,lO9L`Vc#xD/sT5d
Reta,St. Hill,rsthill34@mapy.cz,"yV5L,%A1H~,wX"
Gorden,Glendining,gglendining35@abc.net.au,dQ5<Ra`5om|0
Thain,Pendreigh,tpendreigh36@storify.com,dW7jY?K|2FzB!
Vonny,Maunsell,vmaunsell37@nih.gov,tH31<})G6@noDYpw
Arni,Devine,adevine38@ask.com,"dD7i~,>vO{E"
Flor,Czaja,fczaja39@e-recht24.de,"bL60E""V+X"
Dorisa,Haylett,dhaylett3a@unesco.org,wG0mN(aOHB
Daile,Bloxam,dbloxam3b@guardian.co.uk,rG6xdQFETGO8F#\)
Leonelle,Rathbourne,lrathbourne3c@techcrunch.com,gK8jztw+
Jacquie,Kentish,jkentish3d@unblog.fr,gR8wSO`rg?m&>_
Alexine,Tough,atough3e@usnews.com,zR4(l.e.V*!Am#
Malanie,Schusterl,mschusterl3f@ebay.co.uk,mR1ymsS_&qci
Marie,Cockerill,mcockerill3g@wiley.com,aA504Bm?v8zyoBd
Gerrie,Lauder,glauder3h@fc2.com,uP53HN?Zp\9!<'#
Aurilia,Ciccarelli,aciccarelli3i@hexun.com,"qK1(az""X)yEt"
Shelby,Robson,srobson3j@eepurl.com,bE6c)pt/6t_37>'Y
Constancy,Trouncer,ctrouncer3k@vinaora.com,gI5M&KjjLhEm
Mindy,Venditto,mvenditto3l@123-reg.co.uk,oU7qlblm%|j4
Nan,Saich,nsaich3m@discovery.com,"zY58_TB""bIp"
Leland,Overthrow,loverthrow3n@bbb.org,dZ36q|7tV5a
Winthrop,Ullyatt,wullyatt3o@shutterfly.com,bE9c?S)6j87MO!>E
Manda,Spurgeon,mspurgeon3p@over-blog.com,"wM0kx79!""e""MkP_"""
Ilario,De La Hay,idelahay3q@icq.com,"bV4PJ,iZ"
Doralin,Helian,dhelian3r@creativecommons.org,mC6}KcF7hdMYxpR
Gracia,Scoines,gscoines3s@ftc.gov,xB4pkgBi@8
Bobby,Proughten,bproughten3t@cnet.com,tA0eyZ}n
Kat,Ghilardini,kghilardini3u@hugedomains.com,sT13m86SYcFVF~!p
Jaye,Sherrock,jsherrock3v@twitter.com,"mQ7nDqKhT,v%"
Hester,Crickmer,hcrickmer3w@deliciousdays.com,uE4%%EGqHrF+B%
Aimil,Veljes,aveljes3x@angelfire.com,dU0YN2l7js&
Pansie,Laughtisse,plaughtisse3y@lulu.com,"oM5a_9%@3<9,s"
Currie,Colt,ccolt3z@shop-pro.jp,oX5{Pn(d`
Daven,Lemin,dlemin40@instagram.com,fN5QjVhIG4
Delores,Kloster,dkloster41@intel.com,tN6S{`(.ZF
Jolyn,Levins,jlevins42@spiegel.de,qR5Zm!?@+
Monika,Gleader,mgleader43@huffingtonpost.com,wG8yO4#OYzS@<H`g
Leroi,Healings,lhealings44@wikia.com,xD1*2Fr7J\apClp/
Bud,Searjeant,bsearjeant45@geocities.com,sD2esoD)
Corbin,Mardoll,cmardoll46@artisteer.com,tR4$/ZRsj`.
Mara,Riediger,mriediger47@moonfruit.com,tF95GE5fTr
Kelli,Wolffers,kwolffers48@pcworld.com,vB7_gT3Yf<
Henrieta,Slatford,hslatford49@typepad.com,zO4&i'3(O`'I<<
Micaela,Courtois,mcourtois4a@omniture.com,jI9~XE.&l\crW
Brittaney,Fortin,bfortin4b@dagondesign.com,mZ90x~E#o=.UWz
Dionis,Camies,dcamies4c@hhs.gov,aF8/2uh+|5<t`\
Rick,McIan,rmcian4d@cbslocal.com,sW4g0C'9G>yb`c
Devi,Moen,dmoen4e@zimbio.com,"iJ7X~""&}MBVGG"
Lorenzo,Snaden,lsnaden4f@answers.com,zR71D2d)V
Sharron,Boerderman,sboerderman4g@privacy.gov.au,rT4~yl!h9=#
Brendan,Dalzell,bdalzell4h@usatoday.com,cN5V+8gZ
Haleigh,Kort,hkort4i@opera.com,"nQ2lbBm#""A"
Adda,Baradel,abaradel4j@unicef.org,jE51lFKK
Ulrich,Matieu,umatieu4k@mapquest.com,"cO35),y6_PDt"
Cayla,Ivakhin,civakhin4l@123-reg.co.uk,"aG61NYY6>""ClC}{j"
Fons,Culcheth,fculcheth4m@hc360.com,dK1(jE#knQ\pE
Ellene,Mabbe,emabbe4n@sbwire.com,kF6LIzpnnZ8{X&{L
Augustus,Mangenet,amangenet4o@issuu.com,"eY4Sn5')'Qa""Ya"
Benyamin,Salmond,bsalmond4p@chronoengine.com,gD187`8>
Saxon,Germain,sgermain4q@is.gd,rY1Ehr~JrsC
Marylin,Hurdedge,mhurdedge4r@macromedia.com,aQ8CFQ~Ft
Marianna,Bielby,mbielby4s@google.com.br,dL2W9N9LDBP'6a
Suzi,Bagenal,sbagenal4t@delicious.com,zA1m`}'R
Carissa,Izac,cizac4u@baidu.com,fG3#Xjv?8c6Yq
Coop,Harber,charber4v@cpanel.net,dA2oW1yz07ND|
Ivor,Anton,ianton4w@squidoo.com,iW5(LopUCDKn(q
Catlaina,Fairholm,cfairholm4x@ted.com,sJ1Jp~#M~Bhur
Veronique,Noseworthy,vnoseworthy4y@webnode.com,wK1JsB6)E8'Yu7
Laurence,Kersaw,lkersaw4z@sun.com,"uZ0g54Y,Ik+B(nJH"
Cortney,Nickless,cnickless50@arizona.edu,vK3F!F9~G42XJKFx
Jamison,Eckersall,jeckersall51@statcounter.com,"wN1z)FJ""wghk"
Robbin,Boydell,rboydell52@rambler.ru,tA2U*ffbG.N1L{9
Skippie,Aston,saston53@nifty.com,lE6}3{z9c0GB
Constantine,Spelling,cspelling54@skype.com,rL9cmKk~`
Sibel,Angier,sangier55@buzzfeed.com,dV2b=\!o?l!=&#K
Jeno,Folliott,jfolliott56@oakley.com,qV62rWiq&RqJ0o&
Felice,Duckfield,fduckfield57@ifeng.com,"xM4Gvnv""O)"
Lilah,Taft,ltaft58@dion.ne.jp,"yK9JgbV2"""
Chrissie,Dugald,cdugald59@epa.gov,qN5$5Q#=DXJAB
Bennie,McKeady,bmckeady5a@nature.com,uM2=BKf+3S=hCa}
Samaria,McKerron,smckerron5b@dagondesign.com,"gG6""Do7}*<"
Enrichetta,Boyse,eboyse5c@japanpost.jp,"kI7w,9ypA.("".f1"
Gloriane,McLafferty,gmclafferty5d@npr.org,"vZ4Vo)S/`T,5>7Qx"
Amitie,Prestage,aprestage5e@ftc.gov,pI7t7kQx}
Issie,Matthessen,imatthessen5f@friendfeed.com,eB7KU4Gmis
Lezlie,Veighey,lveighey5g@sfgate.com,"jN5YppWP,(X""9"
Kenton,Scroggins,kscroggins5h@over-blog.com,zJ7w<6ob0
Dilly,Faye,dfaye5i@virginia.edu,yG6iq|Ks
Esmaria,Grece,egrece5j@360.cn,"cD8mn$v""CW"
Trudey,Luckman,tluckman5k@live.com,cR8#$spBF7~JeUs
Bengt,Linsay,blinsay5l@webmd.com,wV4\M)*0@IQ
Mimi,Tissiman,mtissiman5m@un.org,cZ0SO)Pb`ht7mq
Hilly,Wragg,hwragg5n@forbes.com,hX5B|jERJP#2{kZe
Maxwell,Hebborn,mhebborn5o@npr.org,hA1|KQjc
Willie,Lunam,wlunam5p@china.com.cn,"bN7mNoS""KHn$("
Tobie,Wrinch,twrinch5q@dropbox.com,kV41_'T!jjx}7
Holly-anne,Spensly,hspensly5r@over-blog.com,aZ1?%ql&.P=?(oKX
Hertha,Metterick,hmetterick5s@google.es,iQ9lGT<yj
Bruis,Artiss,bartiss5t@liveinternet.ru,zN0wK8!Am&z
Garik,Leisk,gleisk5u@weibo.com,yG7uF\WsuZ`*6
Dorry,Vasnetsov,dvasnetsov5v@technorati.com,dH6R02~f
Shannan,Leroux,sleroux5w@jimdo.com,kL9mTPw6Z3
Madge,Guerro,mguerro5x@spotify.com,bK46S%(LMIsZ#7m(
Franky,Flips,fflips5y@sogou.com,gL1{?%Qg
Enrico,Caves,ecaves5z@biblegateway.com,gV2<w?xwNG$
Tiffy,Killgus,tkillgus60@amazon.de,mW14IpHEs_Vkh_2}
Hurley,Krikorian,hkrikorian61@symantec.com,kE7k8gmIX?{
Mara,Almeida,malmeida62@google.fr,fX0f/'7XzP7<I1h
Lexy,Samways,lsamways63@1688.com,gT9Q>@*cs%'X|
Salem,Raubenheimer,sraubenheimer64@w3.org,sD9iDbsT$A\
Kimble,Godbald,kgodbald65@1und1.de,aK6>H4v5D1?%
Lib,Meece,lmeece66@issuu.com,rE5c%blO?
Gaspard,Cowden,gcowden67@vistaprint.com,vV1yu6QQ`#B0D
Maryanna,Carne,mcarne68@oracle.com,xV5IuVB'A}AWq>
Isaiah,Sharrock,isharrock69@nationalgeographic.com,sB9)IKnZF$~O
Gaylord,Skitch,gskitch6a@linkedin.com,nT32fG`C(M
Aurthur,Wessel,awessel6b@mlb.com,"cI6CbZ6,vHx/H1"
Orland,Massel,omassel6c@imgur.com,nX5JErf8ff_N_\Q
Herbert,Coulbeck,hcoulbeck6d@who.int,iT8=d2fB#U_0Y
Kellia,MacGiolla Pheadair,kmacgiollapheadair6e@bbc.co.uk,eW3YLH%.}G
Berenice,Boosey,bboosey6f@flickr.com,aW0S|(BbehD
Sonny,Kesterton,skesterton6g@cam.ac.uk,cS6UY+B}a?H=<H6
Dyann,Penner,dpenner6h@moonfruit.com,xB6&r63BIJ
Nydia,Uzielli,nuzielli6i@google.com.au,pA8L)Z?y0O*V`2&q
Lucretia,Behn,lbehn6j@about.me,dO5s\B=EPIku)0
Earvin,Neave,eneave6k@mysql.com,cC7*6X3~
Lorelle,Taffley,ltaffley6l@techcrunch.com,iC4}{I_6GL|k
Patricia,Pendergast,ppendergast6m@youtube.com,jT41Dbyy
Gale,Knatt,gknatt6n@mapquest.com,yG7*uxo0hRc\>
Gerti,Kulas,gkulas6o@scribd.com,"gD04,a)tdI=5"
Becky,Skellion,bskellion6p@google.cn,xP1|V%>2m+udGzrj
Hank,Comford,hcomford6q@symantec.com,oR9s>!Gvnf
Layton,Littledike,llittledike6r@taobao.com,bN8l1dqbv2HjYL
Garreth,Trusler,gtrusler6s@businesswire.com,fJ6wYEX16FB%3u
Packston,Slot,pslot6t@ucla.edu,yK0>nI9d6
Tabbitha,Dingate,tdingate6u@gizmodo.com,"zP6BWjoR""ily2"
Morganne,Minelli,mminelli6v@weibo.com,mU4CmXjcY
Hazel,Cordeau,hcordeau6w@berkeley.edu,iT1JZhGX8E(n\b
Ingeberg,Classen,iclassen6x@miibeian.gov.cn,aB8uF737>j\\_`
Vina,Barwise,vbarwise6y@chron.com,jO8scgz$gGU*vZ
Binny,Lockyear,blockyear6z@dyndns.org,iP5aUwlf
Natalina,Hamberston,nhamberston70@blogs.com,"kP8QEp(n($il""1P"
Akim,Attenbrow,aattenbrow71@xing.com,"iL3{\q5}e1v""0"
Debi,McJarrow,dmcjarrow72@latimes.com,zY1BT7~>Qq0.
Salomon,Pippin,spippin73@shareasale.com,qU0z=yQu=}GC
Napoleon,Hawkwood,nhawkwood74@ow.ly,yF3han3|
Anetta,Andrus,aandrus75@t.co,"bC0`Xcv<M"""
Ichabod,Figgen,ifiggen76@washingtonpost.com,bK6nEE)IPpc8QJ
Daryn,Blanket,dblanket77@tinyurl.com,jF9cqsX/OdK
Sheilakathryn,Waything,swaything78@weibo.com,sZ74F=M8!Z
Francine,Curmi,fcurmi79@php.net,aJ7V&KPgrif$Sf
Lin,Wheatman,lwheatman7a@technorati.com,rL2!*1vCA4
Anne-marie,Crombleholme,acrombleholme7b@cdc.gov,lQ6mRTDO{1/Kf*&&
Dorrie,Garrattley,dgarrattley7c@webs.com,sI70+d.$zS#nz|
Brena,Plewman,bplewman7d@youku.com,oC8VWG<)w
Colet,Simonnot,csimonnot7e@about.com,tT3D<D<6L
Giuditta,Wearden,gwearden7f@sourceforge.net,rM2?@mnT\i!
Ramsey,Vedenichev,rvedenichev7g@netscape.com,gI9!/>5!z_9x%(
Suzanne,Gaggen,sgaggen7h@is.gd,gI1vBqqky6T
Carolus,Hucker,chucker7i@ihg.com,nG6RlB!}%&VeH)
Bond,Janton,bjanton7j@geocities.com,eK8sQ8CYwt>g
Mildrid,Meo,mmeo7k@artisteer.com,sC6i*yHlMMzV
Preston,Stoodale,pstoodale7l@xrea.com,uG8g(~7D'Fh6N
Chandler,Lakeman,clakeman7m@parallels.com,oA4}8<8Y~_Y>
Clemente,Chaffe,cchaffe7n@smh.com.au,hK3`YV}e<f4.d
Gunther,Ansett,gansett7o@simplemachines.org,vH1{>.H>}%71.b_r
Berk,Newband,bnewband7p@zdnet.com,kF3R=BZW
Alfonse,Chappelow,achappelow7q@reddit.com,zM7~We6+X)
Latashia,Thebes,lthebes7r@virginia.edu,lV5G7y7j
Emanuel,Peinke,epeinke7s@arstechnica.com,oI2yuQhzT@9yV&b*
Ursola,McNiven,umcniven7t@wikipedia.org,tS56m}mV
Kelcey,Swalwel,kswalwel7u@baidu.com,"jZ5TQw""BB(>GF1$"
Frans,Drabble,fdrabble7v@amazonaws.com,zW59Fxjtx
Ax,Sustin,asustin7w@ca.gov,sY7Jn<tfGCVCdm
Orsa,Crick,ocrick7x@ocn.ne.jp,"zO6,XsJw"
Noach,Stansby,nstansby7y@live.com,rL1{0Hex
Adolphus,Breache,abreache7z@ezinearticles.com,cG8n)+VROCt|Nj#
Waylan,Gimeno,wgimeno80@shinystat.com,dZ21)9jkp=5m
Kathe,Weald,kweald81@fema.gov,sT4aQSAAF9y$9gRt
Mar,Bradforth,mbradforth82@howstuffworks.com,cW3UvpyJvVh9
Dena,Kinnon,dkinnon83@bloglines.com,jB9&kUg(/0NVjS
Regine,Grigorio,rgrigorio84@wunderground.com,uD4${~6IQm
Lorelle,L' Anglois,llanglois85@apache.org,lK3$LIMh
Cahra,Firth,cfirth86@taobao.com,gL2'hfv)f/X.~
Gaylord,Trathan,gtrathan87@alibaba.com,uH91FFF1
Eadith,McMurraya,emcmurraya88@redcross.org,"gN7i,wl/nT{Kcm&"
Tarrah,Etridge,tetridge89@meetup.com,aJ8|#7MuA
Teena,Gorsse,tgorsse8a@salon.com,iC7}?DiL.Vy<}i
Yorgos,Merchant,ymerchant8b@amazon.co.jp,pZ4/1QQIIXoOpPZA
Aron,Mardy,amardy8c@loc.gov,qP0Bc\ywblB/
Ethelin,Gracewood,egracewood8d@ox.ac.uk,tK4moCl2ZTm7=%QN
Kalindi,Pendreigh,kpendreigh8e@go.com,uI18=9iO>NK+Y5hK
Jeno,Jullian,jjullian8f@intel.com,cR2+yiRDGp?
Aileen,Wass,awass8g@mashable.com,jR3$J=JJhZa9U&m2
Melesa,Reast,mreast8h@boston.com,"kX7*xhs8OT,${?cc"
Deonne,Devereu,ddevereu8i@wikispaces.com,tR3hE<PuEs3xSXt5
Geralda,Joyson,gjoyson8j@wufoo.com,pH53H'TP
Lita,Carlino,lcarlino8k@java.com,cO6Cqb=O2lk
Saidee,Girardet,sgirardet8l@sbwire.com,bG0o*YN3l~}
Monroe,Darben,mdarben8m@washingtonpost.com,zJ59UG%1|
Regine,McKearnen,rmckearnen8n@barnesandnoble.com,"tT9uF%""79z"
Loraine,Perrinchief,lperrinchief8o@hibu.com,fM4L6T5=K
Herve,Boaler,hboaler8p@ycombinator.com,"bE3k{,Tyl"
Lura,Haquin,lhaquin8q@discuz.net,sF4zZ#HRj3U|
Ossie,Demicoli,odemicoli8r@aol.com,"jR7jsCNm/""vm"
Reed,Shelborne,rshelborne8s@angelfire.com,bJ6\hHHV>
Annadiane,Mussalli,amussalli8t@scribd.com,cE9(`NZ5w&e*UET3
Giulio,Doe,gdoe8u@ucsd.edu,"nO9#m~A"""
Randell,Stangoe,rstangoe8v@sakura.ne.jp,fR7zGZWiuOuI@1p?
Gabbi,Eleshenar,geleshenar8w@paginegialle.it,mQ0/+xLcMJXnIP
Tami,Tudhope,ttudhope8x@sun.com,"wG4,KLLfA"
Alister,Vango,avango8y@boston.com,nM0yyeD|f
Ernestine,Joannic,ejoannic8z@webnode.com,tJ3qO@G(s%L
Audrie,O'Halloran,aohalloran90@addthis.com,"tZ2Qt6.,u6oiV>KJ"
Bertie,Clarage,bclarage91@altervista.org,iP4Z!V.O*CL
Arielle,Lode,alode92@epa.gov,gA5gJFvahax}
Marjy,Deeman,mdeeman93@tinyurl.com,jW5V`K0q8
Neddie,Taft,ntaft94@posterous.com,"mM6G}n""2M=y"
Lanita,Lindermann,llindermann95@examiner.com,bE0s=.n14
Mada,Ecclestone,mecclestone96@scribd.com,uJ3WNU\=id<
Courtnay,De Ferraris,cdeferraris97@upenn.edu,nA1>m4isd
Adiana,Tipton,atipton98@youtu.be,lU6Q*0jdD&
Vally,Worster,vworster99@xing.com,nB7T\utstizd
Marlena,Domange,mdomange9a@squidoo.com,pU0395y%mg
Amie,Schimmang,aschimmang9b@constantcontact.com,"tA3eey,P{BC.}("
Raye,Hails,rhails9c@opera.com,jI6XLRFP/_?w
Federico,MacArte,fmacarte9d@samsung.com,qB0i7'{v
Mitch,Eake,meake9e@google.ru,tP8'%M6pL6Q)f!'l
Les,Kenwrick,lkenwrick9f@hexun.com,dF0zfWd<
Esmeralda,MacNamara,emacnamara9g@yandex.ru,uR020YW@.'f
Kristi,Phripp,kphripp9h@state.tx.us,rR5PZ6XJ@oe
Ingra,Gullyes,igullyes9i@tiny.cc,qM56AqCr=P0|AR
Juditha,Leith,jleith9j@yale.edu,rG9}Z.@CJFChHNl1
Shaylyn,Menhci,smenhci9k@icq.com,eC19(wE%h(6%G
Luisa,Haddick,lhaddick9l@printfriendly.com,sG1Y'0(%g
Wiatt,Caughtry,wcaughtry9m@chronoengine.com,bB5G.U2_mFWi
Jasmina,Pfeuffer,jpfeuffer9n@admin.ch,"gB2""6""{3<BgaTG."
Tiffany,Archell,tarchell9o@nature.com,iM0Vh)d9
Austine,Nizet,anizet9p@macromedia.com,fZ8+h1W2@
Stinky,Bearne,sbearne9q@last.fm,"tN2,jD\Ps|""YU4"
Conn,Laraway,claraway9r@furl.net,lX11ZDeLv
Rikki,Rutter,rrutter9s@taobao.com,iG3#HRm@XIy
Craggy,Bachelar,cbachelar9t@eventbrite.com,"pX2>,WTg/`sbHVE"
Abram,Coulthart,acoulthart9u@unesco.org,"oE4*mT5&v""ah$u<x"
Norah,Boar,nboar9v@state.tx.us,tA1TBcXqln_4}
Margot,Cracoe,mcracoe9w@tmall.com,xK9>kPCBY
Leopold,Tolliday,ltolliday9x@altervista.org,fV26P<~Q
Dael,Titterton,dtitterton9y@altervista.org,iP8.~RN=>Tb+
Addison,Housin,ahousin9z@dropbox.com,xG3OsF#O!8WiV1m
Jolyn,Waddoups,jwaddoupsa0@barnesandnoble.com,aD3|JF.+%YF3MK
Emili,O'Rowane,eorowanea1@arizona.edu,"fZ8C`z$79w5""py6p"
Carlen,Leander,cleandera2@networksolutions.com,oI8X#w=w8@T
Orren,Undy,oundya3@umn.edu,yU3yC|ZMa~s&4@f
Eilis,Ianniello,eiannielloa4@taobao.com,aA42kudi4Jn{n
Octavia,Serot,oserota5@huffingtonpost.com,dP7gd@3yr{
Onofredo,Babbidge,obabbidgea6@wordpress.com,xL1Sa&U3
Kinsley,Lomasney,klomasneya7@amazonaws.com,lJ7ddJj%iLFgolj
Zolly,Mustill,zmustilla8@qq.com,pB6A<e/trsD<iF9Z
Cyrillus,Naris,cnarisa9@w3.org,aV1&&umgO8qi!z
Ignacius,Attwoul,iattwoulaa@pinterest.com,jM1\\//M
Kissie,Moncreif,kmoncreifab@auda.org.au,"zD0RC7x""r21ik"
Nertie,Gouny,ngounyac@arstechnica.com,uV7~\UDU6
Phillipe,Hollyer,phollyerad@wix.com,kQ87}It4z
Gunter,Newman,gnewmanae@flavors.me,"aG0%SAd#8/se66""V"
Hortense,McGarvie,hmcgarvieaf@dailymotion.com,qV5du@tW=
L;urette,Nyland,lnylandag@freewebs.com,vD6gnpp@\F1|@dwo
Kalie,Fleckno,kflecknoah@ameblo.jp,qM2uR7&OW
Elena,Roft,eroftai@wufoo.com,"hG32v#k0?""Rri."
Greer,Hoggin,ghogginaj@webnode.com,eB2'c5C\
Dicky,Wellwood,dwellwoodak@statcounter.com,yZ0?*x3.LqKe@
Bjorn,McGarvey,bmcgarveyal@artisteer.com,"zX8,)J/)iTs#C"
Annnora,Orrow,aorrowam@berkeley.edu,nU4SUs9z/48(Yr
Lanae,Broxis,lbroxisan@phoca.cz,"nX2iWAY?,%G4S91"
Kathryn,Potteridge,kpotteridgeao@sakura.ne.jp,dM7@Jn7k60#%VAo
Dorolice,Myall,dmyallap@t-online.de,nS3.P/~ep%30
Lucina,Johnstone,ljohnstoneaq@flavors.me,dW4GTg0>u7N
Margette,Kensy,mkensyar@samsung.com,yX5{Y>V4xdlS
Chick,Ealles,ceallesas@pcworld.com,"fA1`>YM~Qw""yZBd"
Emalia,Reen,ereenat@washingtonpost.com,yK2hlSGB\tV
Verena,Copestick,vcopestickau@ifeng.com,nC4mRpd`
Simmonds,Le Brom,slebromav@patch.com,"wY6m3td*.""=@P"
Rivkah,Aldham,raldhamaw@japanpost.jp,bN2'pW>M{
Nickie,Steinham,nsteinhamax@wikia.com,kX8s}'>q
Torry,Wilkins,twilkinsay@china.com.cn,qI7h.)xuYInCPi
Vinny,Skellen,vskellenaz@spiegel.de,"sT7Dl$""bmzA<beo"
Loraine,Plose,lploseb0@1688.com,xR41U#v`Mr*l{
Reuven,Easbie,reasbieb1@state.gov,hT3v>\ryN
Saleem,Pringley,springleyb2@craigslist.org,"zD0""DZ'<Ng!'l"
Serene,Warkup,swarkupb3@reuters.com,"qH6_J,eCk#0JzK"
Jarrid,Dominique,jdominiqueb4@gizmodo.com,fJ6&(8!#
Lotte,Fiddler,lfiddlerb5@census.gov,"vD47$Z=75i,=U"
Jourdain,Twigger,jtwiggerb6@lycos.com,"dO2ZY8bI(.N""oKzD"
Jorry,Comberbeach,jcomberbeachb7@parallels.com,oS1_Csu@f9
Frederica,Batterson,fbattersonb8@nps.gov,kH8vh3$'N%Ao02a
Lorant,Covington,lcovingtonb9@eepurl.com,cL8gtS>e
Romy,Murrhaupt,rmurrhauptba@blog.com,vN20X/UC
Tarrah,Hullett,thullettbb@yale.edu,gH6_jvzO!Q
Erasmus,Garvey,egarveybc@xing.com,xQ7W8S+B3`
Ambros,Oleshunin,aoleshuninbd@printfriendly.com,xN2*`Bb=IePCNQ4M
Alejandro,Diaper,adiaperbe@go.com,"iS6X,P,s1,|"
Horatius,Ortiger,hortigerbf@redcross.org,"vQ1'1wYBFAr""fr!"
Sunny,Gomes,sgomesbg@ibm.com,kJ3Xos3o5y%_
Waring,Iapico,wiapicobh@stumbleupon.com,iJ2mm!Za$agns
Margot,Halton,mhaltonbi@bbc.co.uk,aN7rbd*{
Filbert,Toolin,ftoolinbj@rediff.com,jZ9bE96JF9
Maisie,MacBean,mmacbeanbk@domainmarket.com,sP4j<`v(3T6
Powell,Worsnop,pworsnopbl@archive.org,aY5yIE'w&&1@d>
Raul,Blamey,rblameybm@npr.org,tB2dZHfYjr*i$a
Ade,Acom,aacombn@businesswire.com,kP2>uw`=Lw
Margalo,Grzesiak,mgrzesiakbo@hubpages.com,"cL6~,fgYZKUoJH"
Karrah,Bewley,kbewleybp@berkeley.edu,fF9S1Cb{p
Clarissa,Huddles,chuddlesbq@narod.ru,rO2!Bq37<MD@#hel
Henrieta,Woodwing,hwoodwingbr@reuters.com,"jB5_Z,mT"
Slade,MacCallester,smaccallesterbs@nationalgeographic.com,xK7GfXV(v%KH#/uG
Latrina,Vogl,lvoglbt@mozilla.org,wV8'7soR1D%.>c|M
Phylys,Arman,parmanbu@amazon.co.jp,iW0DcFFi?
Worden,Lochead,wlocheadbv@hostgator.com,"iS4OH@p,j"
Cly,Leander,cleanderbw@omniture.com,yL9iGl}_+v$~X*
Walt,Snipe,wsnipebx@miibeian.gov.cn,eW7CeWC)OLTg+
Jarret,Taye,jtayeby@icq.com,pS5uydLXue3n
Craggie,Sawyers,csawyersbz@bloomberg.com,iK5TC36`H
Annette,Kettow,akettowc0@hao123.com,zL6H??6~/Hx`
Siward,Savins,ssavinsc1@japanpost.jp,cN8Tn.uCK{CWb
Raviv,Bidnall,rbidnallc2@furl.net,aK8$}u/Z~
Demetris,Dannel,ddannelc3@flavors.me,sY2bn0bM
Luce,Aberdein,laberdeinc4@theatlantic.com,"wY8j(Q""8"
Laraine,Rivenzon,lrivenzonc5@chronoengine.com,wT64Fa*4/*M0=/c2
Faythe,Lyne,flynec6@timesonline.co.uk,oA77yP.?W
Blaine,Laba,blabac7@shutterfly.com,"iB2gQ5Xq!""GJ""Q>@"
Sammie,Blackmuir,sblackmuirc8@patch.com,zI5OGjJ'>&!HTEb5
Edmund,Chastanet,echastanetc9@nbcnews.com,xK3idq0NdE1
Camile,Boarer,cboarerca@domainmarket.com,fI01~cB>LvW
Pamelina,Fullman,pfullmancb@opera.com,gY0@o|p<6'pp
Brendis,Midden,bmiddencc@yale.edu,"mP9`""DCUY"
Arvy,Arch,aarchcd@mapquest.com,tR7!|QpvBQ04$f>l
Jerad,Genike,jgenikece@multiply.com,vR6DB5kC0
Darline,Blackstone,dblackstonecf@wikispaces.com,"yT8q,HS22T8@m*Hv"
Dani,Dytham,ddythamcg@businessinsider.com,gB1EubJ2
Joly,Cultcheth,jcultchethch@oakley.com,rQ7.1Cyvnzq+LT#
Prinz,Whimper,pwhimperci@weebly.com,sI74a1{5
Hiram,Canas,hcanascj@cocolog-nifty.com,iT2)@.yox~
Shane,Coughtrey,scoughtreyck@webnode.com,lM1}7r!M&3sl6
Reggie,Vany,rvanycl@joomla.org,jD7Mqw*tP7HIddK
Chevy,Warne,cwarnecm@phpbb.com,bE3?P~%Z*
Davie,Malek,dmalekcn@indiegogo.com,yX5W?&=vj
Lorri,Leidl,lleidlco@timesonline.co.uk,"zH2Wf=cv""9("
Bonita,Ditchburn,bditchburncp@ovh.net,iH8Dm5~X6eB'1Nw)
Cassie,Adenot,cadenotcq@sohu.com,aH7v&+!y
Sofie,Cardoe,scardoecr@wikia.com,"nY0,~&l~{X%$/_$"
Dan,Dollen,ddollencs@dropbox.com,"aK88R4MO1koP*,_"
Abelard,Deabill,adeabillct@zimbio.com,rV9yA@~4
Nessy,Ragsdale,nragsdalecu@senate.gov,qH8#m@szN$(KwLz<
Rollie,Gratland,rgratlandcv@yandex.ru,bT0D+O%o#(Ro
Deanne,de Amaya,ddeamayacw@nps.gov,"jV0JX,Mc""`uWkJ"
Brandy,Hector,bhectorcx@marketwatch.com,"qC4k}2UEYZ42<,u1"
Elene,Debold,edeboldcy@rambler.ru,fZ7OSClo(|6u
Georgi,Atwater,gatwatercz@spiegel.de,mJ74@rm%F|CSPQ
Noelyn,Werndley,nwerndleyd0@ihg.com,"iR3$E#M,62GI"
Martynne,Doud,mdoudd1@nsw.gov.au,yD1>0)A#2vV~f
Wenonah,Seabrooke,wseabrooked2@nationalgeographic.com,iR4&X)I%
Luce,Cejka,lcejkad3@ftc.gov,sS5h9#V{+/tzyl
Gaylor,Greenman,ggreenmand4@hhs.gov,fU8*p+j*)u5B9J
Jacquelyn,Huffy,jhuffyd5@addtoany.com,yZ3pr_EA7Q~&\ju
Nonie,MacCaghan,nmaccaghand6@posterous.com,dX3fl}Ty\D
Berenice,Di Gregorio,bdigregoriod7@youtube.com,"iP7?azopCN_,w"
Nananne,McAreavey,nmcareaveyd8@toplist.cz,rJ33'eI2=
Zorine,Lenney,zlenneyd9@lycos.com,dT17N=GZ0U>g+
Mignonne,Prater,mpraterda@illinois.edu,qC2?veuc7o(7j
Sybil,Boadby,sboadbydb@bbb.org,cE0C{aQ9
Baxy,Shilston,bshilstondc@bandcamp.com,qQ2(0`y3
Kevina,Gaylard,kgaylarddd@wunderground.com,zQ5t@nSJ+T
Valentino,Goodoune,vgoodounede@scientificamerican.com,jL4XcU7=wF8s#Az
Jemima,Silberschatz,jsilberschatzdf@booking.com,kS8@JNv8`
Neil,Pullan,npullandg@harvard.edu,lU2&EhCgFz3+Y'y
Lovell,Pittel,lpitteldh@google.com,hG5Hi%{r)?zYP
Emmanuel,Masding,emasdingdi@harvard.edu,uH0F1V`}AeD
Jerrie,Scandwright,jscandwrightdj@multiply.com,eN7Uf||uj
Neville,Garritley,ngarritleydk@trellian.com,vA60qkhZC*
Ulric,Rickardes,urickardesdl@xinhuanet.com,rA4g+au%b.!
Althea,Fulloway,afullowaydm@columbia.edu,zU8QR41HN@
Fidela,Freda,ffredadn@google.fr,kU1)j\>OrYjU\f%C
Brunhilda,Donisi,bdonisido@theguardian.com,iE4`$b\Qq
Myra,Marty,mmartydp@opera.com,"nH34nC~2f8"""
Philis,Delbergue,pdelberguedq@patch.com,pY9yByvJ8Vp+}
Nannie,Charopen,ncharopendr@goo.ne.jp,"vY2(xV,#ufq%'?Xh"
Morena,Caret,mcaretds@smugmug.com,wX4VgW\(
Sisely,Buckie,sbuckiedt@seesaa.net,sZ65/%``5Kbn6
Minnie,Bohler,mbohlerdu@sciencedirect.com,dD8JZ)K=z$OUM
Leonard,Hawking,lhawkingdv@latimes.com,uG28>fLRf$
Gaynor,Cunliffe,gcunliffedw@google.de,mX9eckVvax?*
Asa,Larway,alarwaydx@irs.gov,aW0E{w<q5(i
Cookie,Tousey,ctouseydy@ebay.co.uk,"nM5}&(,Ay9Z|BU"
Reinald,Grieve,rgrievedz@ask.com,xX6xv!T/X=B.kLo
Lockwood,Chetwind,lchetwinde0@ifeng.com,"wN1Onm>>1""r.*gZ"
Gusta,Rake,grakee1@privacy.gov.au,"aE7DBj0>TQgN<?"""
Leland,Glozman,lglozmane2@mac.com,xY3XAyxI!=K'm?
Kermit,Whittles,kwhittlese3@vk.com,uV2m6Gp1o)
Gradeigh,Rowling,growlinge4@spiegel.de,lU0(%nGqd
Patten,Kingswood,pkingswoode5@apache.org,hQ3z|xqU#%
Cordy,Lamasna,clamasnae6@instagram.com,oK2R!s.ow
Vaughan,Scobbie,vscobbiee7@reuters.com,qG6JOkVwM!q
Jarvis,Frankland,jfranklande8@harvard.edu,aT3NBmABYjX~qL
Elaina,Fronzek,efronzeke9@printfriendly.com,lI4_DygIQ$z3PYR
Whittaker,Willmer,wwillmerea@tmall.com,dM6fh8V`f
Kameko,Chater,kchatereb@nhs.uk,eE1_Alhpp0
Bettye,Griffin,bgriffinec@csmonitor.com,oZ0w+C.Xw18
Emlyn,Wayman,ewaymaned@dagondesign.com,fZ7Q/`4T}
Elsinore,Vickerstaff,evickerstaffee@java.com,dD9/e4Ab4f#NrDY
Shandra,Gerasch,sgeraschef@arstechnica.com,"kX7""+7S@NSN@|."
Ernesto,Tape,etapeeg@w3.org,pR5cI1'Qmj!=
Spike,Nordass,snordasseh@loc.gov,uH2$cV~f_2ubNve
Pryce,Mathe,pmatheei@ameblo.jp,jE9j!YkPF
Cosme,Farrah,cfarrahej@usatoday.com,pD4zl052k`
Sigvard,St. Quintin,sstquintinek@last.fm,sZ96#/UK#GI<E
Hyacinthe,Fucher,hfucherel@loc.gov,"xB5c6o4nWrn$"""
Ramonda,Klemmt,rklemmtem@shareasale.com,lC7o3q@NuwVVh
Fletcher,Charsley,fcharsleyen@123-reg.co.uk,sN6Qd`Gd2Xtjf
Britteny,Varfolomeev,bvarfolomeeveo@rediff.com,lM3Q!/5&Irynvtqv
Nikki,Benfield,nbenfieldep@netvibes.com,vD6ZQ./g
Freddy,Dacre,fdacreeq@buzzfeed.com,oV1u1sZ<F&
Winifred,Keslake,wkeslakeer@cocolog-nifty.com,zQ30M/g?uv?u
Ailis,Veare,avearees@nifty.com,sE8_~0Dg
Carlyle,Bernardoni,cbernardoniet@4shared.com,wS8rw&?5n=crq*
Carey,Marden,cmardeneu@tinyurl.com,oR9(eaV>
Thomasin,Redbourn,tredbournev@un.org,dF5mVB<t94
Ibby,Tweedy,itweedyew@state.tx.us,oI8oFpb))
Jarret,Laurant,jlaurantex@fastcompany.com,mJ7Vubvt
Mirelle,Montague,mmontagueey@redcross.org,kN8J(3\3
Iorgo,East,ieastez@paginegialle.it,"wQ3""_YANb2x!mT"
Doralynn,Glendenning,dglendenningf0@dot.gov,cP2G02N*|ww
Vanny,Duffree,vduffreef1@toplist.cz,cG8w}sktdYW
Carolyn,Crosdill,ccrosdillf2@uol.com.br,mC3JXB4LpC~e
Thom,Cheales,tchealesf3@globo.com,lT4Q`CYCK
Kinsley,Guilaem,kguilaemf4@linkedin.com,gU6<ZPsN#x\I
Dorotea,Wilcott,dwilcottf5@hp.com,bR3nC~@<z>`6#
Dill,Wrightson,dwrightsonf6@vk.com,kN1X=e*d3`U_a
Malissia,Maidens,mmaidensf7@youku.com,iX6xUwo)A
Phillis,Pawsey,ppawseyf8@sphinn.com,hQ1!x@}P<&tNV
Miof mela,Puttrell,mputtrellf9@multiply.com,bD2UU1*s)
Sutherland,Exon,sexonfa@disqus.com,eL9M)2h~xf8f
Hector,Gooderridge,hgooderridgefb@cbsnews.com,"jN5x{9""/qh_RIc"
Cherie,Downton,cdowntonfc@hhs.gov,"tC9|G,!=gzHIK"
Ibby,Jelliman,ijellimanfd@i2i.jp,rB2(leC1eHgjC
Matilde,Dinning,mdinningfe@jimdo.com,nA9(VUP4n|(heF
Nicolina,Grimsey,ngrimseyff@aboutads.info,xV36O~0{VIGXMtwP
Otes,Crix,ocrixfg@ucla.edu,cO9jPDRsZ
Bonny,Alliband,ballibandfh@t.co,gT738zV@vSG5U
Josey,Askie,jaskiefi@hugedomains.com,bB2K|AR28m&+3NDL
Rheba,Jelliman,rjellimanfj@vistaprint.com,"sN43i>Uo)>""A9<S"
Cleopatra,Count,ccountfk@wordpress.com,iF40Csc/IJ}
Ev,MacCathay,emaccathayfl@home.pl,rK4IdZ1nfuKj.W8
Frederica,Buxcy,fbuxcyfm@acquirethisname.com,sQ4#'KE|9X
Ervin,Scarlett,escarlettfn@delicious.com,bS9Q`CMX=O3bEtX
Stevena,Feldman,sfeldmanfo@washingtonpost.com,aZ7yXR*iY=
Barret,Doughartie,bdoughartiefp@webmd.com,mO4|A5S/1E
Georgina,Meneux,gmeneuxfq@gravatar.com,wX9%vpFN$zf4
Carin,Wintringham,cwintringhamfr@sohu.com,jX4i#*ghp
Lazarus,Fishburn,lfishburnfs@delicious.com,aB6W3X*.iCuB
Filbert,Elvey,felveyft@arstechnica.com,"zL8,RY~~"
Dougy,Cayet,dcayetfu@1688.com,eY05.Nc)+L
Barret,McKerley,bmckerleyfv@baidu.com,"qJ5,!0h'8)h"
Saidee,Odd,soddfw@instagram.com,"eX0,WJS+`idTdP"
Alessandra,Kynton,akyntonfx@skype.com,fS0F'*ZDSZ
Alfonso,Boyles,aboylesfy@harvard.edu,fH2/XF.$rOT&Nwnu
Ronny,Panichelli,rpanichellifz@army.mil,fT7L/Q7GS0
Arther,Conechie,aconechieg0@biblegateway.com,"yO8q""j.Uy"
Farah,Tacon,ftacong1@economist.com,qT7`qLr|w4EAz}~\
Tailor,Janak,tjanakg2@reverbnation.com,"hC7vm_S,"
Deeanne,Le Quesne,dlequesneg3@sciencedaily.com,iY7!J5EoT
Edith,Bernardeschi,ebernardeschig4@bluehost.com,vS8Q)b&dyD
Moishe,Ackred,mackredg5@mozilla.com,gC5u<N_r)+Ta
Shelli,Chalkly,schalklyg6@histats.com,hN4nIzAqoT8
Romy,Twelftree,rtwelftreeg7@mashable.com,aI3`K8l$mB
Peri,Greenhouse,pgreenhouseg8@sphinn.com,kI1UrE3R!SXRl5Ur
Casey,Burden,cburdeng9@tmall.com,iY0.')&+
Gilbert,Benka,gbenkaga@adobe.com,eA8(qv)$U#h_
Rolland,Havill,rhavillgb@time.com,gJ6Ht>zNi$g
Fairleigh,Viant,fviantgc@twitter.com,"lE7#G2,Y"
Dionysus,Easen,deasengd@aboutads.info,xM2qLfPT@
Bernelle,Buyers,bbuyersge@diigo.com,jU6xRuIvqm}w
Muhammad,Letertre,mletertregf@baidu.com,vV6H&Gnlv2xX%
Corny,Whatling,cwhatlinggg@github.io,nU9)#{T{3S
Milty,Noller,mnollergh@nbcnews.com,"jK2q,0#~"
Kendra,Ambrois,kambroisgi@unicef.org,zL6oN012/n!
Bobbe,Rathbone,brathbonegj@bluehost.com,nS4C{wDUQ
Ray,Vellender,rvellendergk@goo.gl,zP4B9e6D>u\Tj{p
Meade,Werndly,mwerndlygl@cafepress.com,"tT2}""R4@#jAIk"
Neal,Kinman,nkinmangm@senate.gov,vA2h+$qO
Amby,Palatini,apalatinign@ask.com,fG1uNmr'k_FsK
Brandea,Stafford,bstaffordgo@baidu.com,tJ4CCFd#
Abbie,Torrie,atorriegp@cmu.edu,"vS1Id""/mj"
Maddalena,Ormes,mormesgq@msu.edu,gD1i_A$up\&~ma
Carin,Weine,cweinegr@cbc.ca,rW9xKG2M$
Trula,McTerry,tmcterrygs@newyorker.com,jL96+q(z
Gale,Migheli,gmigheligt@europa.eu,dW0TV0w@7nx
Tristam,Lidgard,tlidgardgu@squidoo.com,nS1p+B7(Hedy=.
Val,Bougen,vbougengv@github.io,bL7dM>xBqy29c
Joaquin,Attaway,jattawaygw@1und1.de,vY1w))Tt+(esr
Lemar,Allington,lallingtongx@clickbank.net,vM4NI.|mN>psIT
Evvy,Spofford,espoffordgy@army.mil,sG85b4RqYr`D2
Odille,Desporte,odesportegz@digg.com,cM20*h%{u@Cp==i6
Chancey,Swaite,cswaiteh0@ft.com,tQ3>+Bt~f8&piQc
Mary,Shotboult,mshotboulth1@nytimes.com,gO4X240D54's$Fk
Evanne,Searl,esearlh2@blinklist.com,zE7c.hPN!|
Suzi,Truss,strussh3@blinklist.com,wU8GrZ9FtFQ
Gelya,Defty,gdeftyh4@thetimes.co.uk,xL7vW$J\=>
Leroi,Roizin,lroizinh5@hatena.ne.jp,"uZ0}@'}5OJXw,+X"
Terri,Salway,tsalwayh6@hp.com,fR0($fS_W
Romona,Sholem,rsholemh7@si.edu,xU8QD?bvR
Rodolph,Iddins,riddinsh8@princeton.edu,oC7#O)12%UX
Dayle,Fairham,dfairhamh9@intel.com,aY1bL>hahSV
Joela,Immings,jimmingsha@freewebs.com,yH35*=KTmH`Vxf{
Cirstoforo,Matyushenko,cmatyushenkohb@weather.com,iQ3wn5(V9n
Phoebe,Frackiewicz,pfrackiewiczhc@storify.com,oZ3F1sJ6nR=
Germaine,Alvy,galvyhd@taobao.com,uC6g\Z'}503?
Scarface,Lowthian,slowthianhe@pagesperso-orange.fr,oG6DF@Z}A'f
Yoshiko,Upsale,yupsalehf@pcworld.com,yI4gO1XS7m?gf
Dalis,Petit,dpetithg@angelfire.com,bM4xZ.!5b/*\p_
Lois,Halmkin,lhalmkinhh@hostgator.com,jA0sY9m_jd9|
Glynnis,Lohrensen,glohrensenhi@illinois.edu,"vF1JEc,2525twr`"
Holt,Bellingham,hbellinghamhj@google.com,jQ9&W|6{i1znjz
Tobi,Shillito,tshillitohk@yahoo.com,eV2&/LypLNMN|kU
Herman,Brownlee,hbrownleehl@tumblr.com,gC7p&<N5Vz
Gennie,Stainsby,gstainsbyhm@liveinternet.ru,tG5W)wrqSW
Izzy,Rothchild,irothchildhn@hao123.com,yR4Yvwi$.
Thaddeus,Gothliff,tgothliffho@deliciousdays.com,zX0sLB(7Y/gbqQ
Nickolai,Gai,ngaihp@kickstarter.com,cE5bHgc0K
Aubine,Bitterton,abittertonhq@ebay.com,pT3Q9<Vy$fVS
Julia,Tuson,jtusonhr@google.nl,uI3CDv+NU
Helen-elizabeth,Thecham,hthechamhs@sina.com.cn,hF5Zy<Br_AJ|ZM
Dewitt,Cullinane,dcullinaneht@howstuffworks.com,nJ6E5A@9
Sibbie,MacRanald,smacranaldhu@phoca.cz,sY4`Q{(&HD
Beatrix,Robley,brobleyhv@ocn.ne.jp,pB14C<gZv
Hal,Bassano,hbassanohw@t.co,tO4I*jVyOLGx{\p%
Valentino,Hanscome,vhanscomehx@google.co.uk,lG3R0\xWa~8~
Bryanty,Matei,bmateihy@desdev.cn,jT6SB_uO%
Branden,Whiston,bwhistonhz@mit.edu,"dY6I|0sg8nR`aP""2"
Darrick,Barford,dbarfordi0@bravesites.com,yT7cXBuU0
Kiley,Eakley,keakleyi1@narod.ru,kC8?tuEs2T
Sallyann,Merredy,smerredyi2@tumblr.com,fJ6r/fa|
Stanton,Aldren,saldreni3@google.com,eH2M1A5p)/F@S
Horton,Ragate,hragatei4@youtu.be,dT4H={K=
Eward,Scini,escinii5@epa.gov,uT5+Z8@T4>MZ~
Phillida,Pidgen,ppidgeni6@hexun.com,oF286Bxc{)3{6Fs
Addia,Courtonne,acourtonnei7@xrea.com,"oI5kDa6y""9wY"
Gerta,Stolberger,gstolbergeri8@vistaprint.com,bO4j#XrL9@9D
Bradly,Ruppele,bruppelei9@histats.com,nW0W#f0834
Lira,Tibbles,ltibblesia@myspace.com,lV9A{Lx=lar~38u
Sharyl,Bethune,sbethuneib@jalbum.net,"zO9)6Vqr/%""L"
Dael,Marcum,dmarcumic@mac.com,"aB22fxS7)Ji""ER0"
Emelen,Allcoat,eallcoatid@wufoo.com,"sI96l3XzOb&f,/4H"
Siusan,Seymer,sseymerie@amazon.co.uk,tC0)Y{lT8meJ
Beau,Demcik,bdemcikif@altervista.org,kQ5v5Sh5>6pfz
Chickie,Thornber,cthornberig@google.es,rY5Y30d%$(YLO
Shaw,Carnall,scarnallih@theatlantic.com,kL3eVY6ug
Siouxie,Vinter,svinterii@a8.net,bR3>)3wp'vyo
Myrilla,Everitt,meverittij@booking.com,zJ9R8#I}r>
Nanni,Parnham,nparnhamik@cafepress.com,hK9LD~MsDH)kKqw
Wildon,Whyteman,wwhytemanil@wired.com,wC2{yNJc@1V
Paolina,Le-Good,plegoodim@hatena.ne.jp,sC8a#+6n*FrVIy&y
Ellen,Sydes,esydesin@prnewswire.com,"sX0Ak""lv<r"
Zitella,Vitall,zvitallio@issuu.com,tY9YNIB6O_ZfX'N
Swen,Paddell,spaddellip@skyrock.com,oL3}pj_TdR'1fa
Boycey,Scothorne,bscothorneiq@moonfruit.com,nR4egOTDS
Maire,Prozescky,mprozesckyir@t.co,cW2YSO4o'
Beilul,Eldridge,beldridgeis@skyrock.com,zQ6>d4l&=XVBe6k>
Ethelin,Caen,ecaenit@jugem.jp,vG9=}Yl|v
Dorie,Brandino,dbrandinoiu@cargocollective.com,eZ52e~Jj6Hk.qA=
Tommy,Ducket,tducketiv@wunderground.com,"xL1/bsswW,nU'o"
Etheline,Godfray,egodfrayiw@hexun.com,bM4uR1y_zM<M
Darcee,Camamill,dcamamillix@pinterest.com,uA88mR2Pbdn0
Evy,Rault,eraultiy@jiathis.com,gT0Dfd?pF30ZDe
Samson,Arrol,sarroliz@qq.com,dC30CWN}fIF\#dD
Andrei,Di Pietro,adipietroj0@wikipedia.org,wT1(oXaIUevO
Dulcia,Dowglass,ddowglassj1@diigo.com,vG5H!9&A>m
Bruce,Cowlin,bcowlinj2@trellian.com,cF9eH|=f
Clive,Reavell,creavellj3@dailymotion.com,nN49FM5OW@
Rustin,Harriday,rharridayj4@foxnews.com,vH6u(a\ik@FK2
Saxon,Macconaghy,smacconaghyj5@thetimes.co.uk,bS1H0HKj<u'
Faythe,Gisborne,fgisbornej6@yelp.com,gE14'P7rf\
Bronny,Johnston,bjohnstonj7@google.com,aB0gr+k#Lhi9
Valera,Crowder,vcrowderj8@whitehouse.gov,hO8jOyz\Vcp&&w{n
Rutter,Cromblehome,rcromblehomej9@acquirethisname.com,"iU0Ej_.,!}"
Belinda,Cantillion,bcantillionja@statcounter.com,sF55rtyT/
Maddy,Vallery,mvalleryjb@dmoz.org,jP7)0D`<Zrq03x?
Finlay,Grimmolby,fgrimmolbyjc@wikispaces.com,gR0!G\p``Nn
Wayne,Sisland,wsislandjd@craigslist.org,qU8dmswh>7XgV@jK
Timi,Alphonso,talphonsoje@toplist.cz,kC0hl4l=YTB
Anastassia,Batson,abatsonjf@scribd.com,oH1227<GAW+O
Tucky,Blaze,tblazejg@cafepress.com,lH07s\Mhd=zE9
Gerick,Brokenshaw,gbrokenshawjh@symantec.com,"qG1l{,}Zz0=At5"
Marina,Blais,mblaisji@mtv.com,bM2<g?Aj9WRvLL
Redd,Rist,rristjj@istockphoto.com,fF7|1`NqYmj$Raof
Chip,Prendeville,cprendevillejk@simplemachines.org,"xR27r),=PC7b"
Dwayne,O'Reilly,doreillyjl@arizona.edu,pQ4Dd|{C
Dore,Giuron,dgiuronjm@slate.com,qH8HO\ilLfG
Griffie,Bruckental,gbruckentaljn@bloglines.com,"cS2T""UGVR|<PA,M9"
Kamila,Doring,kdoringjo@blogtalkradio.com,nZ7cpjKeP
Clyde,Espin,cespinjp@studiopress.com,wX0iopxn
Shannen,Hulle,shullejq@github.io,fI5%K6&sX=I/@
Linn,Ferrolli,lferrollijr@4shared.com,bA1}\/5F7tujCJUR
Constantine,Coye,ccoyejs@umich.edu,hQ0!`Yn#OoM2
Jerrilyn,Fieller,jfiellerjt@csmonitor.com,xH11wAv7v0XFz\
Priscella,Ivashchenko,pivashchenkoju@samsung.com,dB8&!@&uM*vB</L
Ian,McMarquis,imcmarquisjv@goodreads.com,tO5bSD$!
Carline,Sapsforde,csapsfordejw@topsy.com,sD5})ZM>5Q@
Valenka,Rable,vrablejx@shutterfly.com,aF1TnK?8*
Bearnard,Ollerearnshaw,bollerearnshawjy@npr.org,hU0H+'pbu
Sophie,Keher,skeherjz@webmd.com,rH07`fiw@?u+
Pearce,Linskey,plinskeyk0@bbc.co.uk,gX5!\+9ey/w
Abbie,Antonazzi,aantonazzik1@illinois.edu,"mB6,7s5j$/~&"
Obadias,McBeith,omcbeithk2@fema.gov,uQ0(%chU@FI)*s
Darice,Paulus,dpaulusk3@ifeng.com,wC7NrjWvIpvuJVG
Ennis,Berthomieu,eberthomieuk4@latimes.com,"jS6,r{*=2p``\"
Katharina,Tebboth,ktebbothk5@dropbox.com,"kG3ozKyp=""Ms"
Monte,Losty,mlostyk6@purevolume.com,"iK6G8f,{`((%"
Sheppard,Hunt,shuntk7@sakura.ne.jp,aP7=R+rVF/J<FnH
Aloysia,Logue,aloguek8@wikia.com,xM9Dt{I#vvZF!
Troy,Edmed,tedmedk9@ucsd.edu,fP8Ccgp_Q
Kory,Armit,karmitka@bravesites.com,gP9>*CSfj
Violante,Dibsdale,vdibsdalekb@trellian.com,yP0ZXe~(DV~_\s
Frants,Marcussen,fmarcussenkc@xinhuanet.com,pW0dwqqP}
Trace,Ezzy,tezzykd@1688.com,rE5s%~=B`*P>=~_
Leora,Rediers,lredierske@macromedia.com,lE2x2Gxska3wM./'
Mary,Hugin,mhuginkf@nsw.gov.au,xJ7aL3>0!\
Ursa,Stivey,ustiveykg@booking.com,vB2a+aegsY
Laure,Pashen,lpashenkh@xrea.com,pW3yF$NF
Donelle,Evershed,devershedki@simplemachines.org,oP7Uc3/~)O
Natal,Ferrillio,nferrilliokj@macromedia.com,eT1/{@JRnfK2@@_\
Laney,Hrinchishin,lhrinchishinkk@bluehost.com,zL0v7TsOS#.lmrCL
Tony,Helis,theliskl@domainmarket.com,hN8x*Cn_{H(Uc*U
Hubey,Boughey,hbougheykm@topsy.com,eL1@t/Nw5`P(ewve
Penni,Dowson,pdowsonkn@nba.com,hB5hE#F<%'z
Wenona,Freeborne,wfreeborneko@tinypic.com,eH7Yi&)XmlQhM<
Nico,Izsak,nizsakkp@salon.com,jC0+J|6$7P
Anett,Atwater,aatwaterkq@mysql.com,fB7mg6\}0@KBHu
Kasper,Rentenbeck,krentenbeckkr@sciencedirect.com,aF2I)'}R?bD$P&
Kelly,Ferrarini,kferrariniks@google.co.jp,"kW3Y>\r,9""QP+4@"
Hannah,Oulet,houletkt@shareasale.com,nV3ZL*O)54>Kul
Alla,Tozer,atozerku@sfgate.com,jD3hGo@6k!
Charmine,Duding,cdudingkv@amazonaws.com,nE6#+L534*
Rheba,Adelberg,radelbergkw@mtv.com,qV7hsG1k
Boycey,Rooson,broosonkx@opera.com,"oM2(VkB4{3j,d3P"
Frederik,Ellams,fellamsky@marriott.com,fD7x!W)!ZHoS
Sherwin,Henrichsen,shenrichsenkz@census.gov,tD8MuK/pI
Julio,Llewellen,jllewellenl0@chronoengine.com,pL5ZNO{uNJGh0#BU
Ricca,Morl,rmorll1@bravesites.com,sT27GYpS
Sharia,Tetla,stetlal2@chron.com,iU1%T8Br%=K13g
Vania,Dearnaly,vdearnalyl3@go.com,kI6yJ+t(
Jacquetta,Cahillane,jcahillanel4@e-recht24.de,nK1}#Nr5JyPyVjM
Teodorico,Brimming,tbrimmingl5@bloomberg.com,aJ54hXCa0!}Bl
Myrwyn,Henrion,mhenrionl6@statcounter.com,tD4ZfzZ&h
Tyne,Caffery,tcafferyl7@foxnews.com,fH8/xKVz
Paul,Lightoller,plightollerl8@usda.gov,lU8>xzBP2oRB`
Jarrod,Broderick,jbroderickl9@chicagotribune.com,iF1G0{H(`G3
Fifi,Peffer,fpefferla@arizona.edu,pJ61ai/587
Burnard,Camp,bcamplb@theguardian.com,cA9\HYA51$UOK=3P
Edith,Glentworth,eglentworthlc@blog.com,"oC1.i$""tZupz5<"
Zahara,Fahy,zfahyld@yolasite.com,xL0MKH|yv?
Vivyan,Bartoletti,vbartolettile@desdev.cn,dY4&TEcQL'
Timoteo,Rawood,trawoodlf@yelp.com,wC0l4IJnyX
Hanny,Goulborne,hgoulbornelg@ox.ac.uk,mI4C!+b~FDB
Pier,Fundell,pfundelllh@ifeng.com,"pW9@07q"""
Skipper,de Pinna,sdepinnali@biblegateway.com,bK7pvC\pSc\xX=bX
Riva,Duchan,rduchanlj@webs.com,iI5CNK6'@Qz
Dalenna,Everley,deverleylk@geocities.jp,iR9goOdn#UQ7m
Kaspar,Coping,kcopingll@arizona.edu,yH5sceC~uFvu
Mason,Odhams,modhamslm@odnoklassniki.ru,hO28%'lRVx
Brigit,Ivens,bivensln@uol.com.br,dQ6!>?MXv
Hedi,Cicchitello,hcicchitellolo@linkedin.com,wY1n7l'O'V%
Mel,Jefferd,mjefferdlp@sphinn.com,mU6jgMBY
Nerita,Adamovich,nadamovichlq@usnews.com,qP3eCW4VEY
Keefe,Lutwidge,klutwidgelr@cbsnews.com,"tD8(8,MZ"
Vinny,Molfino,vmolfinols@t-online.de,pR2?2Wd!QAhs
Orelee,O'Donegan,oodoneganlt@dot.gov,vV0rnac<
Phoebe,Hirsch,phirschlu@angelfire.com,zJ1=3'l@d7
Derron,Ewens,dewenslv@cyberchimps.com,vA0!za|zO17l
Olga,Kobus,okobuslw@uiuc.edu,gF8H%}w9W$$
Mario,Hamblyn,mhamblynlx@mapquest.com,cS6gnL=3Te
Curran,Hallgath,challgathly@dmoz.org,aU8*dU\u
Abdul,Tison,atisonlz@1688.com,qR8a)9cv
Carolyne,Hardie,chardiem0@army.mil,xD9kfq>hG+4>}
Arden,Arnett,aarnettm1@4shared.com,"rN3e9*b,L4I}m=,"
Anetta,Gresswood,agresswoodm2@wikipedia.org,xJ2ygl0+
Jedidiah,Soda,jsodam3@sun.com,jF0#R/J_M
Feodora,Windridge,fwindridgem4@jigsy.com,jQ8XMrE$X&5Nd{{
Loella,Dorcey,ldorceym5@blogger.com,"rT4_)7C0l*WV,"
Giraud,Bonaire,gbonairem6@msu.edu,"kU7FznTj/og,WZMy"
Kylie,Fosken,kfoskenm7@fc2.com,"wC1b2""R,8(""6u"
Tamera,Rutledge,trutledgem8@microsoft.com,gK4KMjI6M+q
Christos,Redwing,credwingm9@barnesandnoble.com,mU5@hACY|37<FJ%9
Penny,Braisher,pbraisherma@t-online.de,"wN9W(cAz&X*)X9,d"
Sylvia,Poppleton,spoppletonmb@gravatar.com,gN4Kv6KKYr
Liam,Pelchat,lpelchatmc@infoseek.co.jp,hW5}R|+}.~!
Ailene,Huddlestone,ahuddlestonemd@tumblr.com,vZ6yV`~KoLN
Woodman,McCarty,wmccartyme@moonfruit.com,fQ3ZY<0J~ZJzVMt
Carilyn,O'Reilly,coreillymf@printfriendly.com,hO6ygOT#`C>\Zsh4
Shane,Doornbos,sdoornbosmg@creativecommons.org,pZ89?1%Z
Adora,Silverthorne,asilverthornemh@com.com,sS3KVXIQ&<
Vite,Bentinck,vbentinckmi@va.gov,aE1DoZf>r$(=o/
Melicent,Otley,motleymj@ow.ly,mC4|gPz2z
Chrissie,Thaine,cthainemk@accuweather.com,iI1?A'!(
Gene,Friberg,gfribergml@bigcartel.com,aN0)ct*'
Burlie,Paquet,bpaquetmm@foxnews.com,pG7k|v.>of
Mauricio,McQuillan,mmcquillanmn@naver.com,xG2FI~{=Pmv
Codi,Belmont,cbelmontmo@netvibes.com,hF4+gr$M/Li3#UV
Yves,Ridesdale,yridesdalemp@jigsy.com,rU5@w/58
Ozzie,Welton,oweltonmq@chicagotribune.com,jR1IKe%2
Adolphus,Jobb,ajobbmr@ustream.tv,kN3y|Ee})?
Harwell,Spurnier,hspurnierms@mashable.com,wD1$G9T0nHDSj8?T
Daveta,Tungate,dtungatemt@scribd.com,zH1hVEd7H@*UtV
Cristabel,Renny,crennymu@taobao.com,"dM4\O)xwh(&$,@W5"
Jacques,Duberry,jduberrymv@about.me,"rL8%#""Gi<~>G)V/B"
Randi,Danat,rdanatmw@census.gov,gS9YE3ra8.PIM
Minnnie,Bennoe,mbennoemx@blogs.com,vN5um)B(x/d
Marlo,Freda,mfredamy@vimeo.com,"rS9A(_""q7(5`#@gY"
Jesselyn,Stentiford,jstentifordmz@disqus.com,rO4&&#?x
Adela,Peile,apeilen0@diigo.com,qN4ejP0l4'<_w
Kellby,Caston,kcastonn1@elpais.com,"aU8RKMwG,_r&y"
Bogey,Schottli,bschottlin2@marketwatch.com,zO4G'S?Yq
Chaim,Petrolli,cpetrollin3@miibeian.gov.cn,pD5+<QkPu#Og*m
Gavra,Dofty,gdoftyn4@usa.gov,zU4?rWKGe2(m
Scotti,Metzing,smetzingn5@linkedin.com,"lW1kv,<>@21&"
Gunner,McCue,gmccuen6@bandcamp.com,"cG8wA!leclM""$p0"
Eric,Rosengart,erosengartn7@dion.ne.jp,yB0.'x#&Ds}
Elspeth,Loines,eloinesn8@livejournal.com,"qG2}Bnt*,Z""PHU"
Flss,Goward,fgowardn9@psu.edu,lH5<SD0w@gH
Latrina,Colegate,lcolegatena@ft.com,kS9%d(rFmY+$!7@#
Lorettalorna,Hollindale,lhollindalenb@bbb.org,cI9ucxbPc(.U}
Kendal,Handy,khandync@stanford.edu,yT5M))`q&v
Kacie,Poll,kpollnd@gravatar.com,jZ9&m_J_7sZb
Rosemarie,Ceeley,rceeleyne@berkeley.edu,kD8dJ(>/z3Y|2
Kendre,Jakubovicz,kjakubovicznf@myspace.com,uA4./&s~<m
Meghann,Kobpal,mkobpalng@opensource.org,"wT6,u1yp"
Jacki,Oddie,joddienh@wordpress.com,"rH5msh,6Z|q7=&,B"
Cinnamon,Linscott,clinscottni@spotify.com,nZ5sGdJjZ4&
Lyndel,Llop,lllopnj@amazon.co.jp,jM17A&.XUi
Toddie,Reubens,treubensnk@amazonaws.com,lB8|zRJW~SlF.O
Suzann,Laden,sladennl@howstuffworks.com,xQ2JhLMqSzokQ
Emmy,Rubra,erubranm@yale.edu,tY3g%=aL517*M?
Darryl,Chansonnau,dchansonnaunn@digg.com,xD6_hrTP_p
Dell,Lingfoot,dlingfootno@icq.com,"yO7kgwLT,W"
Crystal,Eckley,ceckleynp@narod.ru,gG1h\fwL
Consalve,Sinyard,csinyardnq@marketwatch.com,vV5'fhMq\JBK<)s(
Emmeline,Ockenden,eockendennr@addthis.com,eA9Y}J)m~l
Alexei,Whitlam,awhitlamns@theguardian.com,dR1&_USbM='gP'rc
Shina,Coleshill,scoleshillnt@cnn.com,jI2a5sz`@`m
Townie,Westbury,twestburynu@psu.edu,bY7sttq7PzhB
Franky,Civitillo,fcivitillonv@indiatimes.com,zC3?3Dt8zE(
Norby,De Lisle,ndelislenw@chron.com,uE8hWLls$~9tn3
Jdavie,Gurko,jgurkonx@domainmarket.com,cF7jTXSW
Hildagarde,Blunt,hbluntny@homestead.com,oB7aUz|NVQ
Orel,Kock,okocknz@reuters.com,"iO0<,z,eiAvc{\"
Hephzibah,Petrecz,hpetreczo0@ucoz.ru,"fG8)Xcg""h'{"
Peg,Cawse,pcawseo1@umn.edu,sP5Au.h\9JWuS
Sly,Bernaciak,sbernaciako2@newsvine.com,"uP7Mju~ls,\Rq7"
Willie,Basini-Gazzi,wbasinigazzio3@fastcompany.com,wC4`GW@`GGf
Andy,Vuittet,avuitteto4@163.com,nB7CiA{+v$98
Doyle,Banner,dbannero5@sphinn.com,xW1N\QF%CV
Jobey,Ruppele,jruppeleo6@businessweek.com,kP0FDIq|`4ND
Katee,Lamming,klammingo7@bloomberg.com,qN3|$NX%ToW)2N~
Quintus,Easterbrook,qeasterbrooko8@unblog.fr,hI4'xZs0BjT
Harlin,Rate,hrateo9@drupal.org,rP9Kj6#LW)<LO
Grethel,Seleway,gselewayoa@wsj.com,gQ6}ok62+!~%~OAn
Reena,Ivanchov,rivanchovob@admin.ch,hK3TKg/d
Gil,Degoix,gdegoixoc@google.fr,eA1~%mSq`
Kira,Father,kfatherod@psu.edu,pR2`Tgk~PF_
Maximilian,Batrip,mbatripoe@friendfeed.com,gF8lxm#(zN
Darcy,Lanfranconi,dlanfranconiof@blog.com,gX52b2m>=bk3!
Rutherford,Weatherell,rweatherellog@facebook.com,mB3m{vJ6}f
Lyn,Penvarne,lpenvarneoh@123-reg.co.uk,uO2z5_mZ&0f3
Kirsti,Tunno,ktunnooi@businessweek.com,oZ6}jhZAELFu
Brandise,Godmar,bgodmaroj@marriott.com,iK0<MMn4
Caroline,Cloy,ccloyok@craigslist.org,dQ10M?X6
Jessey,Di Francesco,jdifrancescool@whitehouse.gov,fC6NqXwjWQU'7#%
Kele,Curtoys,kcurtoysom@about.com,bL6\E_%B9pn
Donnie,Vickors,dvickorson@deliciousdays.com,vE6bfC`(9rs=M
Fredia,Warnes,fwarnesoo@barnesandnoble.com,pQ58GS@nj9w`*tn
Nedda,Silbersak,nsilbersakop@weather.com,jC4gWgEx
Darcee,Lohering,dloheringoq@i2i.jp,"bD1q{1~yJf~B8G,g"
Mozes,Leffek,mleffekor@amazon.de,"hH5+T@,{jc"
Kevan,Duckworth,kduckworthos@infoseek.co.jp,oX2mS.*`
Claudio,Andor,candorot@amazon.com,"bM2>""NQ.0"
Austina,Stopps,astoppsou@vkontakte.ru,jO1b_{U!)Q`8j
Jamey,Normabell,jnormabellov@toplist.cz,tM1$AaPb|t&X<
Jard,Murrells,jmurrellsow@ihg.com,mQ3WknbhKbwj3kL
Sara,Maffioletti,smaffiolettiox@is.gd,tF9AQm*e
Sanderson,Ruprechter,sruprechteroy@shinystat.com,eR2gq.RElKV
Daffie,Czaja,dczajaoz@typepad.com,iO4!1l9q
Rubie,Lansdowne,rlansdownep0@parallels.com,qQ54r4?PRX}=2
Horacio,Benaine,hbenainep1@bloglines.com,dU6>?=QSIbKX1Yx
Sandye,Brunini,sbruninip2@nymag.com,"bZ5pc,#10@"
Urson,Adamczewski,uadamczewskip3@jigsy.com,dR3?\dW&
Karlan,Corss,kcorssp4@naver.com,kJ9qFMtQ5zN
Hube,McCafferty,hmccaffertyp5@about.me,vV4N+bsM{cOi6
Alyson,Dodgson,adodgsonp6@google.com.au,qI8#iRxVO!hzS0
Haslett,Kruszelnicki,hkruszelnickip7@wordpress.com,wG59'$J@UXmJ
Alfonso,Biset,abisetp8@arstechnica.com,kU9%Y/WhvdISnJy
Adam,Loalday,aloaldayp9@oracle.com,qY2q'r9+s
Chantalle,Haverson,chaversonpa@mlb.com,fH5UOxSN\qpa
Conant,Baly,cbalypb@ning.com,sA1Q}?!j
Keen,Kuschel,kkuschelpc@cargocollective.com,mW6%D@(O
Jewel,Rozenbaum,jrozenbaumpd@cargocollective.com,qE5_=unf4A{rN6_
Dolores,Olrenshaw,dolrenshawpe@seesaa.net,uO9vkQ.Ua
Dolorita,Potteridge,dpotteridgepf@google.cn,"nP7T!M9""~KCSu"
Jaquenette,Hartrick,jhartrickpg@soup.io,iZ3!2xbb
Hildegaard,Simoneau,hsimoneauph@sun.com,yD1\b6LgwT
Carmel,McCowan,cmccowanpi@51.la,hV2G.%5/5mVKd~
Abey,Brine,abrinepj@springer.com,uR3a/cB6f&wtSm
Chaim,Dupree,cdupreepk@wsj.com,yC0g'hq}qGP.
Trueman,Lowless,tlowlesspl@vistaprint.com,aH4Aakh\w
Lindon,Cuardall,lcuardallpm@nydailynews.com,kJ3ki<L.
Rees,Schonfelder,rschonfelderpn@123-reg.co.uk,"wL7Z*)f>Rr2,2,2"
Sherwynd,Pfaff,spfaffpo@mail.ru,fI8U1S$Taa!U
Jessalin,Kippen,jkippenpp@opera.com,vY49<bR(')q
Burk,Pryce,bprycepq@ocn.ne.jp,tI75<GkKZ.q
Zilvia,De Vries,zdevriespr@booking.com,oW0qZHHYoF~q0
Pembroke,Meiner,pmeinerps@chronoengine.com,dS51MWo}D
Kacy,Gainfort,kgainfortpt@aol.com,aU2B6GPoo>r'p
Clo,Reilly,creillypu@livejournal.com,nK5?s39M<>mIc7IP
Carolyn,Tylor,ctylorpv@cafepress.com,yH2ai*uJQTh``
Hilda,Vitte,hvittepw@reverbnation.com,bT4.xk'QZb=>x
Eula,Noddle,enoddlepx@gmpg.org,nU6c$QZr&$M
Gavin,Bank,gbankpy@engadget.com,lB32x~sm#
Sherie,Manvelle,smanvellepz@nasa.gov,tO9leMT1'XE~
Cristine,Jerams,cjeramsq0@cornell.edu,dW0bQY\8JQ
Hunter,Hayller,hhayllerq1@biglobe.ne.jp,oV4R%OqTaHYr9
Con,Bisterfeld,cbisterfeldq2@dell.com,bL6j8BFF5
Lyon,Amys,lamysq3@mysql.com,qW8Pwj__G9
Lenora,Rickertsen,lrickertsenq4@cnbc.com,uA3ms+J~K
Franciska,Venmore,fvenmoreq5@prweb.com,pD4e9=Q2Kv
Dinny,Balas,dbalasq6@yelp.com,"vM3.T""60Q+zZ<"
Nelia,Heaps,nheapsq7@pbs.org,rX6k.0m@}
Joni,Turtle,jturtleq8@jalbum.net,"bO7rMB~""7&oD"
Griffy,Kendred,gkendredq9@jiathis.com,iM37Tu@ePoy~
Kele,Bottoner,kbottonerqa@google.pl,"sW7|+yhJAH0&3C,S"
Hilario,Pavitt,hpavittqb@timesonline.co.uk,pA9ub*5A.ya4A
Tammara,Hulke,thulkeqc@google.de,"mT4CoP&u>D,"
Nonna,Umbers,numbersqd@gizmodo.com,vI4Vi/LEYO
Jarred,Gotch,jgotchqe@unesco.org,"dW8Qtu""%m"
Arturo,Bearcroft,abearcroftqf@hc360.com,iO8YZs=@o?
Jacquelin,Sichardt,jsichardtqg@123-reg.co.uk,mK8/4y6`snL}(
Douglass,Larkkem,dlarkkemqh@wikimedia.org,"lS2WGp)_{,<=J,"
Marti,Lambal,mlambalqi@bloomberg.com,"hF0Ch>O6Am!7=""W="
Valaree,Reisenberg,vreisenbergqj@nba.com,jU2='qRY@Gx|\vii
Wenda,Skottle,wskottleqk@rambler.ru,vI4*bqUeCaAU>(tB
Tiffanie,Asplin,tasplinql@army.mil,qH5iWD~`8}y6
Torrence,Boncoeur,tboncoeurqm@sciencedaily.com,tB4jtzL>qD
Alikee,Lemanu,alemanuqn@cbsnews.com,dP1&|mmz
Petrina,Tuttiett,ptuttiettqo@geocities.jp,zR8rN2&r!
Veronika,Huffey,vhuffeyqp@cnet.com,jX44c\SxzPas
Chrissie,Swin,cswinqq@amazon.co.uk,"eO6h_1@LwX""}KPw*"
Giffer,Crotty,gcrottyqr@gizmodo.com,cX2zoNe{#D
Yevette,Egalton,yegaltonqs@sciencedaily.com,mP7mqxBx>~w+N@G
Tandi,Daniau,tdaniauqt@pcworld.com,sF7>*SU@6
Cordie,Rivalant,crivalantqu@discuz.net,sK9Z{eDNo
Chlo,Wrankling,cwranklingqv@cdc.gov,kY3iL7M*GOQkX(uf
Trevar,Segot,tsegotqw@mashable.com,qB4j&*uR
Amelie,Pinwell,apinwellqx@cbsnews.com,pI32e)E+F
Bartholemy,Geffinger,bgeffingerqy@netscape.com,"wW7NN/v)2,_Qm"
Sheila-kathryn,Amoore,samooreqz@walmart.com,bQ4`IkfU
Anna-diana,Pethrick,apethrickr0@oakley.com,"sF3,hfb7UVL"
Lennie,Samsonsen,lsamsonsenr1@qq.com,kR9EgBX1_
Josias,Duffan,jduffanr2@prnewswire.com,"mM366Lb*=,b2?"
Nanon,Ortiga,nortigar3@cloudflare.com,"qR5BCqy""E9DP"
Loren,Toquet,ltoquetr4@wix.com,uY7K?*0l`
Sebastian,Simeone,ssimeoner5@gravatar.com,yK2m=+~5
Nester,Duerden,nduerdenr6@nymag.com,xI1C_O4)Y1rbZ)
Nathan,Scallan,nscallanr7@slashdot.org,"mF5(=,!\NIxzkKhe"
Jae,Yandle,jyandler8@sun.com,oT2ShFW6/kg2
Tiffy,Eannetta,teannettar9@woothemes.com,hX6?iX~lrJ75w_
Minta,Bordiss,mbordissra@over-blog.com,rJ5o?@0p<
Angela,Vannar,avannarrb@cnbc.com,sL1CDYf~
Lara,Breem,lbreemrc@diigo.com,nP54J*FlAQ\0~8
Robinette,Lovewell,rlovewellrd@hp.com,lK1JBPKV$
Nolie,Mouland,nmoulandre@princeton.edu,jG1jg!JF8
Kain,Dennerly,kdennerlyrf@123-reg.co.uk,fC6XeR<?yg>hxa
Odilia,Mulberry,omulberryrg@wikimedia.org,tA476Zkx#yG+~sUC
Jermaine,Ollive,jolliverh@prweb.com,"aR50UOXkBAN,0.MY"
Estel,Coggan,ecogganri@miitbeian.gov.cn,bT1f7Tg`x|
Nedda,Cregeen,ncregeenrj@indiatimes.com,tW0O=c'3#W4N
Samaria,Couttes,scouttesrk@squarespace.com,dK2#.q8f
Gisele,Cherrington,gcherringtonrl@unicef.org,"lQ2cU0""E"
Reinaldo,Gherardesci,rgherardescirm@virginia.edu,"dU1rL_""J"
Ulrick,Ticehurst,uticehurstrn@europa.eu,bG0X*3V%A'wUUY_3
Tommy,Stedman,tstedmanro@auda.org.au,gL5*$jfD4i
Juliette,Mayworth,jmayworthrp@altervista.org,zI5n8$($?hUK
Shae,Pegram,spegramrq@shutterfly.com,zT9D+Q~OPkv3
Heindrick,Hardisty,hhardistyrr@engadget.com,gN3ar}K?@OqG
